{ "_t" : "BH.oM.Structure.SectionProperties.ConcreteSection", "BHoM_Guid" : "8dec651b-07ac-4a90-848e-532adee65a1a", "Name" : "RECT 800.0x800.0", "Fragments" : [], "Tags" : [], "CustomData" : { }, "Reinforcement" : [], "MinimumCover" : 0.0, "Material" : { "_t" : "BH.oM.Structure.MaterialFragments.Concrete", "BHoM_Guid" : "72e6bf0b-f876-4398-937d-4bdee8bb1d06", "Name" : "C55/67", "Fragments" : [], "Tags" : [], "CustomData" : { }, "Density" : 2548.5376999999999, "DampingRatio" : 0.0, "PoissonsRatio" : 0.20000000000000001, "ThermalExpansionCoeff" : 1.0000000000000001E-05, "YoungsModulus" : 38000000000.0, "EmbodiedCarbon" : 0.0, "CylinderStrength" : 55000000.0, "CubeStrength" : 67000000.0 }, "SectionProfile" : { "_t" : "BH.oM.Spatial.ShapeProfiles.RectangleProfile", "BHoM_Guid" : "049c535f-c099-463c-81c4-7b37de45d402", "Name" : "", "Fragments" : [], "Tags" : [], "CustomData" : { }, "Shape" : "Rectangle", "Height" : 0.80000000000000004, "Width" : 0.80000000000000004, "CornerRadius" : 0.0, "Edges" : [{ "_t" : "BH.oM.Geometry.Line", "Start" : { "_t" : "BH.oM.Geometry.Point", "X" : -0.40000000000000002, "Y" : 0.40000000000000002, "Z" : 0.0 }, "End" : { "_t" : "BH.oM.Geometry.Point", "X" : -0.40000000000000002, "Y" : -0.40000000000000002, "Z" : 0.0 }, "Infinite" : false }, { "_t" : "BH.oM.Geometry.Line", "Start" : { "_t" : "BH.oM.Geometry.Point", "X" : -0.40000000000000002, "Y" : -0.40000000000000002, "Z" : 0.0 }, "End" : { "_t" : "BH.oM.Geometry.Point", "X" : 0.40000000000000002, "Y" : -0.40000000000000002, "Z" : 0.0 }, "Infinite" : false }, { "_t" : "BH.oM.Geometry.Line", "Start" : { "_t" : "BH.oM.Geometry.Point", "X" : 0.40000000000000002, "Y" : -0.40000000000000002, "Z" : 0.0 }, "End" : { "_t" : "BH.oM.Geometry.Point", "X" : 0.40000000000000002, "Y" : 0.40000000000000002, "Z" : 0.0 }, "Infinite" : false }, { "_t" : "BH.oM.Geometry.Line", "Start" : { "_t" : "BH.oM.Geometry.Point", "X" : 0.40000000000000002, "Y" : 0.40000000000000002, "Z" : 0.0 }, "End" : { "_t" : "BH.oM.Geometry.Point", "X" : -0.40000000000000002, "Y" : 0.40000000000000002, "Z" : 0.0 }, "Infinite" : false }] }, "Area" : 0.6399999999999938, "Rgy" : 0.23093999220576877, "Rgz" : 0.23093999220576877, "J" : 0.057600000000000012, "Iy" : 0.034133299200000015, "Iz" : 0.034133299200000015, "Iw" : 0.0, "Wely" : 0.085333248000000028, "Welz" : 0.085333248000000028, "Wply" : 0.12800000000000133, "Wplz" : 0.12800000000000133, "CentreZ" : 0.0, "CentreY" : 0.0, "Vz" : 0.40000000000000002, "Vpz" : 0.40000000000000002, "Vy" : 0.40000000000000002, "Vpy" : 0.40000000000000002, "Asy" : 0.53333226666773381, "Asz" : 0.53333226666773381 }
{ "_t" : "BH.oM.Structure.SectionProperties.ConcreteSection", "BHoM_Guid" : "6fcfcb65-fd23-42b5-a41f-8292072407ec", "Name" : "RECT 900.0x600.0", "Fragments" : [], "Tags" : [], "CustomData" : { }, "Reinforcement" : [], "MinimumCover" : 0.0, "Material" : { "_t" : "BH.oM.Structure.MaterialFragments.Concrete", "BHoM_Guid" : "913a4e62-7ace-466f-b934-66ed6a075207", "Name" : "C80/95", "Fragments" : [], "Tags" : [], "CustomData" : { }, "Density" : 2548.5376999999999, "DampingRatio" : 0.0, "PoissonsRatio" : 0.20000000000000001, "ThermalExpansionCoeff" : 1.0000000000000001E-05, "YoungsModulus" : 42000000000.0, "EmbodiedCarbon" : 0.0, "CylinderStrength" : 80000000.0, "CubeStrength" : 95000000.0 }, "SectionProfile" : { "_t" : "BH.oM.Spatial.ShapeProfiles.RectangleProfile", "BHoM_Guid" : "dd6009ca-c0db-40c5-801a-b4f9d069f1c9", "Name" : "", "Fragments" : [], "Tags" : [], "CustomData" : { }, "Shape" : "Rectangle", "Height" : 0.90000000000000002, "Width" : 0.59999999999999998, "CornerRadius" : 0.0, "Edges" : [{ "_t" : "BH.oM.Geometry.Line", "Start" : { "_t" : "BH.oM.Geometry.Point", "X" : -0.30000000000000004, "Y" : 0.45000000000000001, "Z" : 0.0 }, "End" : { "_t" : "BH.oM.Geometry.Point", "X" : -0.30000000000000004, "Y" : -0.45000000000000001, "Z" : 0.0 }, "Infinite" : false }, { "_t" : "BH.oM.Geometry.Line", "Start" : { "_t" : "BH.oM.Geometry.Point", "X" : -0.30000000000000004, "Y" : -0.45000000000000001, "Z" : 0.0 }, "End" : { "_t" : "BH.oM.Geometry.Point", "X" : 0.29999999999999993, "Y" : -0.45000000000000001, "Z" : 0.0 }, "Infinite" : false }, { "_t" : "BH.oM.Geometry.Line", "Start" : { "_t" : "BH.oM.Geometry.Point", "X" : 0.29999999999999993, "Y" : -0.45000000000000001, "Z" : 0.0 }, "End" : { "_t" : "BH.oM.Geometry.Point", "X" : 0.29999999999999993, "Y" : 0.45000000000000001, "Z" : 0.0 }, "Infinite" : false }, { "_t" : "BH.oM.Geometry.Line", "Start" : { "_t" : "BH.oM.Geometry.Point", "X" : 0.29999999999999993, "Y" : 0.45000000000000001, "Z" : 0.0 }, "End" : { "_t" : "BH.oM.Geometry.Point", "X" : -0.30000000000000004, "Y" : 0.45000000000000001, "Z" : 0.0 }, "Infinite" : false }] }, "Area" : 0.53999999999999126, "Rgy" : 0.25980749123149072, "Rgz" : 0.17320499415432711, "J" : 0.033981999999999998, "Iy" : 0.036449963550000027, "Iz" : 0.016199983799999998, "Iw" : 0.0, "Wely" : 0.080999919000000059, "Welz" : 0.053999945999999986, "Wply" : 0.12150000000000011, "Wplz" : 0.080999999999997477, "CentreZ" : 0.0, "CentreY" : 0.0, "Vz" : 0.45000000000000001, "Vpz" : 0.45000000000000001, "Vy" : 0.29999999999999993, "Vpy" : 0.30000000000000004, "Asy" : 0.44999910000089988, "Asz" : 0.4499991000009011 }
{ "_t" : "BH.oM.Structure.SectionProperties.ConcreteSection", "BHoM_Guid" : "4125aa82-8348-40c0-b043-d7472292cc2d", "Name" : "TEE 800.0x1200.0x400.0x300.0", "Fragments" : [], "Tags" : [], "CustomData" : { }, "Reinforcement" : [], "MinimumCover" : 0.0, "Material" : { "_t" : "BH.oM.Structure.MaterialFragments.Concrete", "BHoM_Guid" : "85780397-3443-4a0f-b3b2-07f8e6491c93", "Name" : "C70/85", "Fragments" : [], "Tags" : [], "CustomData" : { }, "Density" : 2548.5376999999999, "DampingRatio" : 0.0, "PoissonsRatio" : 0.20000000000000001, "ThermalExpansionCoeff" : 1.0000000000000001E-05, "YoungsModulus" : 41000000000.0, "EmbodiedCarbon" : 0.0, "CylinderStrength" : 70000000.0, "CubeStrength" : 85000000.0 }, "SectionProfile" : { "_t" : "BH.oM.Spatial.ShapeProfiles.TSectionProfile", "BHoM_Guid" : "546eccda-be06-4336-a11b-5a59a01fcb1d", "Name" : "", "Fragments" : [], "Tags" : [], "CustomData" : { }, "Shape" : "Tee", "Height" : 0.80000000000000004, "Width" : 1.2, "WebThickness" : 0.40000000000000002, "FlangeThickness" : 0.29999999999999999, "RootRadius" : 0.0, "ToeRadius" : 0.0, "MirrorAboutLocalY" : false, "Edges" : [{ "_t" : "BH.oM.Geometry.Line", "Start" : { "_t" : "BH.oM.Geometry.Point", "X" : 0.20000000000000001, "Y" : -0.50714285714284069, "Z" : 0.0 }, "End" : { "_t" : "BH.oM.Geometry.Point", "X" : 0.20000000000000001, "Y" : -0.0071428571428406862, "Z" : 0.0 }, "Infinite" : false }, { "_t" : "BH.oM.Geometry.Line", "Start" : { "_t" : "BH.oM.Geometry.Point", "X" : 0.20000000000000001, "Y" : -0.0071428571428406862, "Z" : 0.0 }, "End" : { "_t" : "BH.oM.Geometry.Point", "X" : 0.59999999999999998, "Y" : -0.0071428571428406862, "Z" : 0.0 }, "Infinite" : false }, { "_t" : "BH.oM.Geometry.Line", "Start" : { "_t" : "BH.oM.Geometry.Point", "X" : 0.59999999999999998, "Y" : -0.0071428571428406862, "Z" : 0.0 }, "End" : { "_t" : "BH.oM.Geometry.Point", "X" : 0.59999999999999998, "Y" : 0.29285714285715936, "Z" : 0.0 }, "Infinite" : false }, { "_t" : "BH.oM.Geometry.Line", "Start" : { "_t" : "BH.oM.Geometry.Point", "X" : -0.20000000000000001, "Y" : -0.50714285714284069, "Z" : 0.0 }, "End" : { "_t" : "BH.oM.Geometry.Point", "X" : -0.20000000000000001, "Y" : -0.0071428571428406862, "Z" : 0.0 }, "Infinite" : false }, { "_t" : "BH.oM.Geometry.Line", "Start" : { "_t" : "BH.oM.Geometry.Point", "X" : -0.20000000000000001, "Y" : -0.0071428571428406862, "Z" : 0.0 }, "End" : { "_t" : "BH.oM.Geometry.Point", "X" : -0.59999999999999998, "Y" : -0.0071428571428406862, "Z" : 0.0 }, "Infinite" : false }, { "_t" : "BH.oM.Geometry.Line", "Start" : { "_t" : "BH.oM.Geometry.Point", "X" : -0.59999999999999998, "Y" : -0.0071428571428406862, "Z" : 0.0 }, "End" : { "_t" : "BH.oM.Geometry.Point", "X" : -0.59999999999999998, "Y" : 0.29285714285715936,