{ "_t" : "BH.oM.Structure.SectionProperties.ConcreteSection", "BHoM_Guid" : "41edff0b-11ed-4b33-b729-65cd9c66c29a", "Name" : "Polyline", "Fragments" : [], "Tags" : [], "CustomData" : { }, "Reinforcement" : [], "Material" : { "_t" : "BH.oM.Structure.MaterialFragments.Concrete", "BHoM_Guid" : "72e6bf0b-f876-4398-937d-4bdee8bb1d06", "Name" : "C55/67", "Fragments" : [], "Tags" : [], "CustomData" : { }, "Density" : 2548.5376999999999, "DampingRatio" : 0.0, "PoissonsRatio" : 0.20000000000000001, "ThermalExpansionCoeff" : 1.0000000000000001E-05, "YoungsModulus" : 38000000000.0, "CylinderStrength" : 55000000.0, "CubeStrength" : 67000000.0 }, "MinimumCover" : 0.0, "SectionProfile" : { "_t" : "BH.oM.Geometry.ShapeProfiles.FreeFormProfile", "BHoM_Guid" : "21848d33-e1ac-406a-9ac4-13997e3f403b", "Name" : "", "Fragments" : [], "Tags" : [], "CustomData" : { }, "Shape" : "FreeForm", "Edges" : [{ "_t" : "BH.oM.Geometry.Polyline", "ControlPoints" : [{ "_t" : "BH.oM.Geometry.Point", "X" : 1.7243870557525254, "Y" : -1.0318951116912061, "Z" : 0.0 }, { "_t" : "BH.oM.Geometry.Point", "X" : -1.872191660483451, "Y" : -0.50636762804028712, "Z" : 0.0 }, { "_t" : "BH.oM.Geometry.Point", "X" : 0.14780460479976867, "Y" : 1.5382627380390699, "Z" : 0.0 }, { "_t" : "BH.oM.Geometry.Point", "X" : 1.7243870557525254, "Y" : -1.0318951116912061, "Z" : 0.0 }] }] }, "Area" : 4.2076188057445743, "Rgy" : 0.55433703317656424, "Rgz" : 0.73600676434270806, "J" : 0.0, "Iy" : 1.2929572740351669, "Iz" : 2.2792921725228026, "Iw" : 0.0, "Wely" : 0.84053084174904291, "Welz" : 1.2174459595307818, "Wply" : 1.925504835252275, "Wplz" : 2.5312120819159021, "CentreZ" : 0.0, "CentreY" : 0.0, "Vz" : 1.5382627380390699, "Vpz" : 1.0318951116912061, "Vy" : 1.7243870557525254, "Vpy" : 1.872191660483451, "Asy" : 4.0446812266667616, "Asz" : 3.6834659447203761 }
{ "_t" : "BH.oM.Structure.SectionProperties.ConcreteSection", "BHoM_Guid" : "647b764f-8496-43db-9c37-b9e1f7987173", "Name" : "ShortSegments", "Fragments" : [], "Tags" : [], "CustomData" : { }, "Reinforcement" : [], "Material" : { "_t" : "BH.oM.Structure.MaterialFragments.Concrete", "BHoM_Guid" : "913a4e62-7ace-466f-b934-66ed6a075207", "Name" : "C80/95", "Fragments" : [], "Tags" : [], "CustomData" : { }, "Density" : 2548.5376999999999, "DampingRatio" : 0.0, "PoissonsRatio" : 0.20000000000000001, "ThermalExpansionCoeff" : 1.0000000000000001E-05, "YoungsModulus" : 42000000000.0, "CylinderStrength" : 80000000.0, "CubeStrength" : 95000000.0 }, "MinimumCover" : 0.0, "SectionProfile" : { "_t" : "BH.oM.Geometry.ShapeProfiles.FreeFormProfile", "BHoM_Guid" : "d3612b51-43c3-4643-8e8c-cb1b063a5fb4", "Name" : "", "Fragments" : [], "Tags" : [], "CustomData" : { }, "Shape" : "FreeForm", "Edges" : [{ "_t" : "BH.oM.Geometry.Polyline", "ControlPoints" : [{ "_t" : "BH.oM.Geometry.Point", "X" : 0.69782404104413087, "Y" : -1.3818946793671776, "Z" : 0.0 }, { "_t" : "BH.oM.Geometry.Point", "X" : -1.5530821266553376, "Y" : -1.1529889673977403, "Z" : 0.0 }, { "_t" : "BH.oM.Geometry.Point", "X" : -1.1143461787139159, "Y" : 1.7655588602125887, "Z" : 0.0 }, { "_t" : "BH.oM.Geometry.Point", "X" : -1.0987051163954658, "Y" : 1.7760794219154454, "Z" : 0.0 }, { "_t" : "BH.oM.Geometry.Point", "X" : -1.0844334528293047, "Y" : 1.7645924731914624, "Z" : 0.0 }, { "_t" : "BH.oM.Geometry.Point", "X" : -1.089654793158388, "Y" : 1.794180068389601, "Z" : 0.0 }, { "_t" : "BH.oM.Geometry.Point", "X" : -1.0698136999078713, "Y" : 1.770161902875818, "Z" : 0.0 }, { "_t" : "BH.oM.Geometry.Point", "X" : -1.0743388615264102, "Y" : 1.7990533193634124, "Z" : 0.0 }, { "_t" : "BH.oM.Geometry.Point", "X" : -1.0583267511838881, "Y" : 1.77677560062599, "Z" : 0.0 }, { "_t" : "BH.oM.Geometry.Point", "X" : -1.0600671979602492, "Y" : 1.8056670171135845, "Z" : 0.0 }, { "_t" : "BH.oM.Geometry.Point", "X" : -1.042662730196638, "Y" : 1.7858259238630678, "Z" : 0.0 }, { "_t" : "BH.oM.Geometry.Point", "X" : -1.0475359811704492, "Y" : 1.8091479106663066, "Z" : 0.0 }, { "_t" : "BH.oM.Geometry.Point", "X" : -1.0297834240515658, "Y" : 1.7997494980739566, "Z" : 0.0 }, { "_t" : "BH.oM.Geometry.Point", "X" : 2.1735624945292678, "Y" : 0.17903034445868654, "Z" : 0.0 }, { "_t" : "BH.oM.Geometry.Point", "X" : 0.69782404104413087, "Y" : -1.3818946793671776, "Z" : 0.0 }] }] }, "Area" : 7.1951812533802881, "Rgy" : 0.72819049224885668, "Rgz" : 0.85599855182478213, "J" : 0.0, "Iy" : 3.8153268343166613, "Iz" : 5.2721504920519466, "Iw" : 0.0, "Wely" : 2.1089081836937709, "Welz" : 2.4255803572805692, "Wply" : 4.3795375046032303, "Wplz" : 5.207638250634977, "CentreZ" : 0.0, "CentreY" : 0.0, "Vz" : 1.8091479106663066, "Vpz" : 1.3818946793671776, "Vy" : 2.1735624945292678, "Vpy" : 1.5530821266553376, "Asy" : 6.3638410586262779, "Asz" : 6.6287528061368555 }
{ "_t" : "BH.oM.Structure.SectionProperties.ConcreteSection", "BHoM_Guid" : "ca108f65-5b37-4e30-83a4-cdbd218b5e8f", "Name" : "Mixed", "Fragments" : [], "Tags" : [], "CustomData" : { }, "Reinforcement" : [], "Material" : { "_t" : "BH.oM.Structure.MaterialFragments.Concrete", "BHoM_Guid" : "85780397-3443-4a0f-b3b2-07f8e6491c93", "Name" : "C70/85", "Fragments" : [], "Tags" : [], "CustomData" : { }, "Density" : 2548.5376999999999, "DampingRatio" : 0.0, "PoissonsRatio" : 0.20000000000000001, "ThermalExpansionCoeff" : 1.0000000000000001E-05, "YoungsModulus" : 41000000000.0, "CylinderStrength" : 70000000.0, "CubeStrength" : 85000000.0 }, "MinimumCover" : 0.0, "SectionProfile" : { "_t" : "BH.oM.Geometry.ShapeProfiles.FreeFormProfile", "BHoM_Guid" : "e74d1d1b-ed98-4a3e-8603-dc052e3b0c6a", "Name" : "", "Fragments" : [], "Tags" : [], "CustomData" : { }, "Shape" : "FreeForm", "Edges" : [{ "_t" : "BH.oM.Geometry.PolyCurve", "Curves" : [{ "_t" : "BH.oM.Geometry.Line", "Start" : { "_t" : "BH.oM.Geometry.Point", "X" : -1.9865612061159204, "Y" : 0.30094987215737579, "Z" : 0.0 }, "End" : { "_t" : "BH.oM.Geometry.Point", "X" : -0.24453956070988517, "Y" : 1.9833132420358086, "Z" : 0.0 }, "Infinite" : false }, { "_t" : "BH.oM.Geometry.Arc", "CoordinateSystem" : { "_t" : "BH.oM.Geometry.CoordinateSystem.Cartesian", "Origin" : { "_t" : "BH.oM.Geometry.Point", "X" : 0.032769590400801546, "Y" : 1.6961704330843173, "Z" : 0.0 }, "X" : { "_t" : "BH.oM.Geometry.Vector", "X" : -0.69468243340242064, "Y" : 0.71931656224647822, "Z" : 0.0 }, "Y" : { "_t" : "BH.oM.Geometry.Vector", "X" : 0.71931656224647811, "Y" : 0.69468243340242064, "Z" : 0.0 }, "Z" : { "_t" : "BH.oM.Geometry.Vector", "X" : 0.0, "Y" : 0.0, "Z" : -1.0 } }, "Radius" : 0.39918837410711538, "StartAngle" : 0.0, "EndAngle" : 1.4239918130307281 }, { "_t" : "BH.oM.Geometry.Line", "Start" : { "_t" : "BH.oM.Geometry.Point", "X" : 0.27625959955096901, "Y" : 2.0124993338606036, "Z" : 0.0 }, "End" : { "_t" : "BH.oM.Geometry.Point", "X" : 2.0156271818955482, "Y" : 0.67364402376642141, "Z" : 0.0 }, "Infinite" : false }, { "_t" : "BH.oM.Geometry.Arc", "CoordinateSystem" : { "_t" : "BH.oM.Geometry.CoordinateSystem.Cartesian", "Origin" : { "_t" : "BH.oM.Geometry.Point", "X" : 1.7721371727453803, "Y" : 0.35731512299013524, "Z" : 0.0 }, "X" : { "_t" : "BH.oM.Geometry.Vector", "X" : 0.60996267663053572, "Y" : 0.79243014399864453, "Z" : 0.0 }, "Y" : { "_t" : "BH.oM.Geometry.Vector", "X" : 0.79243014399864464, "Y" : -0.60996267663053572, "Z" : 0.0 }, "Z" : { "_t" : "BH.oM.Geometry.Vector", "X" : 0.0, "Y" : 0.0, "Z" : -1.0 } }, "Radius" : 0.39918837410711538, "StartAngle" : 0.0, "EndAngle" : 1.6317167444574532 }, { "_t" : "BH.oM.Geometry.Line", "Start" : { "_t" : "BH.oM.Geometry.Point", "X" : 2.0730549202524862, "Y" : 0.095017835056134717, "Z" : 0.0 }, "End" : { "_t" : "BH.oM.Geometry.Point", "X" : 0.14199525978121177, "Y" : -2.1203696281839139, "Z" : 0.0 }, "Infinite" : false }, { "_t" : "BH.oM.Geometry.Arc", "CoordinateSystem" : { "_t" : "BH.oM.Geometry.CoordinateSystem.Cartesian", "Origin" : { "_t" : "BH.oM.Geometry.Point", "X" : -0.15892248772589332, "Y" : -1.8580723402499126, "Z" : 0.0 }, "X" : { "_t" : "BH.oM.Geometry.Vector", "X" : 0.75382392631093753,